<?xml version="1.0" encoding="UTF-8"?>
<!DOCTYPE mapper PUBLIC "-//mybatis.org//DTD Mapper 3.0//EN" "http://mybatis.org/dtd/mybatis-3-mapper.dtd">

<mapper namespace="com.zw257.mapper.ColorMapper">

	<select id="dropTable">
		DROP TABLE IF EXISTS COLOR CASCADE;
	</select>


	<select id="createTable">
		CREATE TABLE COLOR(
		COLOR_ID       serial PRIMARY KEY  NOT NULL,
		NAME           TEXT    NOT NULL);
	</select>

	<select id="getColor" resultType="Color">
		select * from COLOR
	</select>

	<insert id="insertColor" parameterType="Color">
		insert into
		COLOR (name) values( #{name})
	</insert>

</mapper>