<?xml version="1.0" encoding="UTF-8"?>
<!DOCTYPE mapper PUBLIC "-//mybatis.org//DTD Mapper 3.0//EN" "http://mybatis.org/dtd/mybatis-3-mapper.dtd">

<mapper namespace="com.zw257.mapper.PlayerMapper">

	<select id="dropTable">
		DROP TABLE IF EXISTS PLAYER CASCADE;
	</select>

	<select id="createTable">
		CREATE TABLE PLAYER(
	   PLAYER_ID      serial PRIMARY KEY   NOT NULL,
	   TEAM_ID 		INT     NOT NULL      REFERENCES TEAM(TEAM_ID),
	   UNIFORM_NUM	INT     NOT NULL,
	   FIRST_NAME     TEXT    NOT NULL,
	   LAST_NAME      TEXT    NOT NULL,
	   MPG            INT,
	   PPG            INT,
	   RPG            INT,
	   APG            INT,
	   SPG            decimal(10,1),
	   BPG            decimal(10,1));
	</select>



	<select id="getAllPlayer" resultType="Player">
		select * from PLAYER
	</select>

	<select id="getPlayer" resultType="Player">

		select * from PLAYER
	</select>

	<insert id="insertPlayer" parameterType="Player">
		insert into
			PLAYER (TEAM_ID, UNIFORM_NUM, FIRST_NAME, LAST_NAME, MPG, PPG, RPG, APG, SPG, BPG)
		values(#{team_id}, #{uniform_num}, #{first_name}, #{last_name}, #{mpg}, #{ppg}, #{rpg}, #{apg}, #{spg}, #{bpg})
	</insert>


</mapper>